ballX,ballY,ballVX,ballVY,playerY,dir
1153.3740520477295,455.33740520477295,600.0,60.0,89.0,39.0
1182.0,459.0281820297241,-600.0,-353.99999999999994,171.0,82.0
1153.217393875122,442.04644441604614,-600.0,-353.99999999999994,219.0,48.0
1135.16162109375,431.3935384750366,-600.0,-353.99999999999994,238.0,19.0
1118.1990451812744,421.385618686676,-600.0,-353.99999999999994,246.0,8.0
1101.6221351623535,411.6052417755127,-600.0,-353.99999999999994,259.0,13.0
1082.3075122833252,400.209614276886,-600.0,-353.99999999999994,308.0,49.0
1041.213638305664,375.9642286300659,-600.0,-353.99999999999994,441.0,133.0
1009.6069164276123,357.3162627220154,-600.0,-353.99999999999994,482.0,41.0
989.3657512664795,345.373975276947,-600.0,-353.99999999999994,485.0,3.0
971.1238689422607,334.61126470565796,-600.0,-353.99999999999994,485.0,0.0
951.7943687438965,323.20685958862305,-600.0,-353.99999999999994,485.0,0.0
931.3228912353516,311.12868785858154,-600.0,-353.99999999999994,485.0,0.0
912.5615901947021,300.0595202445984,-600.0,-353.99999999999994,485.0,0.0
892.1543426513672,288.01924419403076,-600.0,-353.99999999999994,485.0,0.0
872.1888370513916,276.23959589004517,-600.0,-353.99999999999994,485.0,0.0
852.734453201294,264.76150941848755,-600.0,-353.99999999999994,485.0,0.0
832.3260612487793,252.7205581665039,-600.0,-353.99999999999994,485.0,0.0
811.0878295898438,240.19000148773193,-600.0,-353.99999999999994,485.0,0.0
791.8038196563721,228.81243562698364,-600.0,-353.99999999999994,485.0,0.0
772.3613090515137,217.3413543701172,-600.0,-353.99999999999994,485.0,0.0
752.2061176300049,205.449791431427,-600.0,-353.99999999999994,485.0,0.0
732.7973670959473,193.998628616333,-600.0,-353.99999999999994,485.0,0.0
712.2618026733398,181.88264560699463,-600.0,-353.99999999999994,483.0,-2.0
692.5517864227295,170.25373601913452,-600.0,-353.99999999999994,477.0,-6.0
670.8288974761963,157.43723154067993,-600.0,-353.99999999999994,468.0,-9.0
651.9455738067627,146.2960705757141,-600.0,-353.99999999999994,462.0,-6.0
628.9174861907959,132.7094988822937,-600.0,-353.99999999999994,456.0,-6.0
611.2236328125,122.27012538909912,-600.0,-353.99999999999994,447.0,-9.0
592.5023860931396,111.22458982467651,-600.0,-353.99999999999994,440.0,-7.0
572.6058311462402,99.48562240600586,-600.0,-353.99999999999994,435.0,-5.0
552.433759689331,87.58410024642944,-600.0,-353.99999999999994,427.0,-8.0
532.5618095397949,75.85964965820312,-600.0,-353.99999999999994,419.0,-8.0
511.2318820953369,63.2749924659729,-600.0,-353.99999999999994,409.0,-10.0
490.96267890930176,51.31616258621216,-600.0,-353.99999999999994,403.0,-6.0
462.391788482666,34.45933723449707,-600.0,-353.99999999999994,394.0,-9.0
442.7922077178955,22.89558458328247,-600.0,-353.99999999999994,392.0,-2.0
422.527868270874,10.939624309539797,-600.0,-353.99999999999994,392.0,0.0
402.7408905029297,8.0,-600.0,353.99999999999994,392.0,0.0
381.59821701049805,20.474177360534668,-600.0,353.99999999999994,392.0,0.0
351.83513832092285,38.03439378738403,-600.0,353.99999999999994,392.0,0.0
330.7997531890869,50.445271015167236,-600.0,353.99999999999994,390.0,-2.0
302.8062171936035,66.96145725250244,-600.0,353.99999999999994,364.0,-26.0
289.3007583618164,74.92967796325684,-600.0,353.99999999999994,343.0,-21.0
262.39984703063965,90.80121564865112,-600.0,353.99999999999994,288.0,-55.0
211.29954528808594,120.95039367675781,-600.0,353.99999999999994,229.0,-59.0
182.44069290161133,137.97711658477783,-600.0,353.99999999999994,223.0,-6.0
162.2903652191162,149.86580991744995,-600.0,353.99999999999994,221.0,-2.0
142.15090942382812,161.74808883666992,-600.0,353.99999999999994,221.0,0.0
122.69509506225586,173.22701930999756,-600.0,353.99999999999994,220.0,-1.0
101.16489601135254,185.92983675003052,-600.0,353.99999999999994,217.0,-3.0
81.36776161193848,197.61014604568481,-600.0,353.99999999999994,212.0,-5.0
58.331377029418945,211.20161294937134,-600.0,353.99999999999994,209.0,-3.0
39.65576362609863,222.22022485733032,-600.0,353.99999999999994,207.0,-2.0
22.865421295166016,232.12652683258057,-600.0,353.99999999999994,206.0,-1.0
18.0,245.80576992034912,600.0,179.99999999999994,205.0,-1.0
45.96964645385742,254.19666385650635,600.0,179.99999999999994,203.0,-2.0
77.28068161010742,263.58997440338135,600.0,179.99999999999994,204.0,1.0
102.62104797363281,271.19208431243896,600.0,179.99999999999994,215.0,11.0
114.8851089477539,274.8713026046753,600.0,179.99999999999994,220.0,5.0
135.19636917114258,280.9646806716919,600.0,179.99999999999994,225.0,5.0
155.08133697509766,286.9301710128784,600.0,179.99999999999994,231.0,6.0
175.1305274963379,292.9449281692505,600.0,179.99999999999994,242.0,11.0
195.09975242614746,298.93569564819336,600.0,179.99999999999994,252.0,10.0
216.20351600646973,305.26682472229004,600.0,179.99999999999994,264.0,12.0
245.59509086608887,314.0842971801758,600.0,179.99999999999994,279.0,15.0
276.91199111938477,323.47936725616455,600.0,179.99999999999994,294.0,15.0
287.1804885864258,326.55991649627686,600.0,179.99999999999994,297.0,3.0
298.10172843933105,329.83628845214844,600.0,179.99999999999994,300.0,3.0
327.11335945129395,338.5397777557373,600.0,179.99999999999994,304.0,4.0
355.83488273620605,347.15623474121094,600.0,179.99999999999994,309.0,5.0
383.6161308288574,355.49060916900635,600.0,179.99999999999994,313.0,4.0
399.71167373657227,360.3192720413208,600.0,179.99999999999994,317.0,4.0
414.9205856323242,364.8819456100464,600.0,179.99999999999994,320.0,3.0
435.37146377563477,371.01720905303955,600.0,179.99999999999994,321.0,1.0
455.5609874725342,377.0740661621094,600.0,179.99999999999994,321.0,0.0
475.39145278930664,383.0232057571411,600.0,179.99999999999994,321.0,0.0
496.48448753356934,389.3511161804199,600.0,179.99999999999994,321.0,0.0
515.0778465270996,394.929123878479,600.0,179.99999999999994,321.0,0.0
535.082405090332,400.93049144744873,600.0,179.99999999999994,321.0,0.0
555.6329898834229,407.095666885376,600.0,179.99999999999994,321.0,0.0
574.9830894470215,412.90069675445557,600.0,179.99999999999994,321.0,0.0
596.0171871185303,419.2109260559082,600.0,179.99999999999994,321.0,0.0
615.7938652038574,425.14392948150635,600.0,179.99999999999994,321.0,0.0
648.5675983428955,434.9760494232178,600.0,179.99999999999994,321.0,0.0
675.3876857757568,443.0220756530762,600.0,179.99999999999994,321.0,0.0
704.9892597198486,451.9025478363037,600.0,179.99999999999994,321.0,0.0
729.7878913879395,459.34213733673096,600.0,179.99999999999994,321.0,0.0
772.1245937347412,472.0431480407715,600.0,179.99999999999994,321.0,0.0
793.329065322876,478.4044895172119,600.0,179.99999999999994,321.0,0.0
806.1769180297852,482.25884532928467,600.0,179.99999999999994,321.0,0.0
824.9586753845215,487.89337253570557,600.0,179.99999999999994,321.0,0.0
844.8762588500977,493.8686475753784,600.0,179.99999999999994,321.0,0.0
865.2433090209961,499.97876262664795,600.0,179.99999999999994,321.0,0.0
885.4758911132812,506.0485372543335,600.0,179.99999999999994,321.0,0.0
907.8822784423828,512.770453453064,600.0,179.99999999999994,321.0,0.0
935.2182083129883,520.9712324142456,600.0,179.99999999999994,321.0,0.0
955.0867252349854,526.9317874908447,600.0,179.99999999999994,321.0,0.0
975.2449207305908,532.9792461395264,600.0,179.99999999999994,321.0,0.0
995.871036529541,539.1670808792114,600.0,179.99999999999994,321.0,0.0
1025.607078552246,548.087893486023,600.0,179.99999999999994,321.0,0.0
1055.2567176818848,556.9827852249146,600.0,179.99999999999994,321.0,0.0
1079.2260818481445,564.1735944747925,600.0,179.99999999999994,321.0,0.0
1105.7941131591797,572.144003868103,600.0,179.99999999999994,321.0,0.0
1118.412654876709,575.9295663833618,600.0,179.99999999999994,321.0,0.0
1136.1355476379395,581.246434211731,600.0,179.99999999999994,321.0,0.0
1156.6045932769775,587.3871479034424,600.0,179.99999999999994,321.0,0.0
1175.7180862426758,593.1211957931519,600.0,179.99999999999994,321.0,0.0
1182.0,599.0453586578369,-600.0,678.0,321.0,0.0
1162.2600860595703,621.3514614105225,-600.0,678.0,321.0,0.0
1142.557222366333,643.6156973838806,-600.0,678.0,321.0,0.0
1120.3602619171143,668.6982626914978,-600.0,678.0,321.0,0.0
1090.840799331665,702.0552554130554,-600.0,678.0,321.0,0.0
1052.2295780181885,745.6859354972839,-600.0,678.0,321.0,0.0
1037.3442478179932,762.5063586235046,-600.0,678.0,321.0,0.0
1022.5968189239502,779.1709532737732,-600.0,678.0,321.0,0.0
1001.1534519195557,792.0,-600.0,-678.0,321.0,0.0
982.2462387084961,770.6348490715027,-600.0,-678.0,321.0,0.0
961.3968200683594,747.0750060081482,-600.0,-678.0,321.0,0.0
941.826135635376,724.960132598877,-600.0,-678.0,321.0,0.0
922.4215335845947,703.0329322814941,-600.0,-678.0,321.0,0.0
902.1743602752686,680.1536264419556,-600.0,-678.0,321.0,0.0
882.3876686096191,657.7946648597717,-600.0,-678.0,321.0,0.0
862.4502010345459,635.265326499939,-600.0,-678.0,321.0,0.0
841.5750331878662,611.6763868331909,-600.0,-678.0,321.0,0.0
821.881181716919,589.4223346710205,-600.0,-678.0,321.0,0.0
791.9826335906982,555.6369752883911,-600.0,-678.0,321.0,0.0
778.225118637085,540.0909833908081,-600.0,-678.0,321.0,0.0
752.028018951416,510.4882607460022,-600.0,-678.0,321.0,0.0
731.8367786407471,487.6721591949463,-600.0,-678.0,321.0,0.0
716.0681076049805,469.85356092453003,-600.0,-678.0,321.0,0.0
702.245361328125,454.23385763168335,-600.0,-678.0,321.0,0.0
680.3267784118652,429.4658589363098,-600.0,-678.0,321.0,0.0
652.2498435974121,397.7389225959778,-600.0,-678.0,321.0,0.0
632.2913475036621,375.1858220100403,-600.0,-678.0,321.0,0.0
612.2358627319336,352.52312421798706,-600.0,-678.0,321.0,0.0
590.638858795166,328.1185097694397,-600.0,-678.0,321.0,0.0
554.4246025085449,287.19640016555786,-600.0,-678.0,300.0,-21.0
513.5640449523926,241.0239701271057,-600.0,-678.0,219.0,-81.0
495.5573387145996,220.67639207839966,-600.0,-678.0,192.0,-27.0
481.2253303527832,204.48122262954712,-600.0,-678.0,176.0,-16.0
455.2788562774658,175.16170692443848,-600.0,-678.0,156.0,-20.0
398.8674945831299,111.41686820983887,-600.0,-678.0,132.0,-24.0
372.6156063079834,81.75223445892334,-600.0,-678.0,127.0,-5.0
353.20256423950195,59.81549692153931,-600.0,-678.0,126.0,-1.0
336.6504020690918,41.11155366897583,-600.0,-678.0,124.0,-2.0
312.0762176513672,13.342725276947021,-600.0,-678.0,121.0,-3.0
281.49960708618164,8.0,-600.0,678.0,118.0,-3.0
260.0712604522705,32.21403169631958,-600.0,678.0,118.0,0.0
242.25595664978027,52.345324993133545,-600.0,678.0,124.0,6.0
222.38829803466797,74.79577922821045,-600.0,678.0,141.0,17.0
201.05522346496582,98.90215349197388,-600.0,678.0,165.0,24.0
179.78094291687012,122.94209051132202,-600.0,678.0,188.0,23.0
151.7171688079834,154.654155254364,-600.0,678.0,204.0,16.0
132.48480033874512,176.38673162460327,-600.0,678.0,212.0,8.0
112.50484657287598,198.9640793800354,-600.0,678.0,221.0,9.0
92.35265922546387,221.73605108261108,-600.0,678.0,233.0,12.0
72.12250900268555,244.5961208343506,-600.0,678.0,248.0,15.0
51.49739456176758,267.9025001525879,-600.0,678.0,269.0,21.0
28.556425094604492,293.8257956504822,-600.0,678.0,283.0,14.0
18.0,312.2639899253845,600.0,288.0,291.0,8.0
37.93203163146973,321.83136510849,600.0,288.0,293.0,2.0
57.89052772521973,331.41144323349,600.0,288.0,293.0,0.0
78.64567565917969,341.37391424179077,600.0,288.0,293.0,0.0
99.01201057434082,351.1497550010681,600.0,288.0,293.0,0.0
130.28113174438477,366.1589331626892,600.0,288.0,293.0,0.0
148.0055980682373,374.6666769981384,600.0,288.0,293.0,0.0
167.88956451416016,384.2109808921814,600.0,288.0,293.0,0.0
187.63748931884766,393.6899847984314,600.0,288.0,293.0,0.0
207.91928100585938,403.425244808197,600.0,288.0,293.0,0.0
228.79988479614258,413.44793462753296,600.0,288.0,293.0,0.0
248.67541122436523,422.98818731307983,600.0,288.0,293.0,0.0
268.5721092224121,432.53860235214233,600.0,288.0,293.0,0.0
287.95253562927246,441.8412070274353,600.0,288.0,293.0,0.0
307.84265327453613,451.38846349716187,600.0,288.0,293.0,0.0
327.93547439575195,461.03301763534546,600.0,288.0,293.0,0.0
347.81715202331543,470.5762228965759,600.0,288.0,293.0,0.0
368.6718635559082,480.58648443222046,600.0,288.0,293.0,0.0
407.76659774780273,499.35195684432983,600.0,288.0,293.0,0.0
438.2442169189453,513.9812140464783,600.0,288.0,293.0,0.0
459.0245418548584,523.9557700157166,600.0,288.0,293.0,0.0
471.3629894256592,529.8782248497009,600.0,288.0,293.0,0.0
488.5547332763672,538.1302618980408,600.0,288.0,293.0,0.0
509.26267433166504,548.0700736045837,600.0,288.0,293.0,0.0
538.6542491912842,562.1780295372009,600.0,288.0,293.0,0.0
558.0293827056885,571.478093624115,600.0,288.0,293.0,0.0
578.2302074432373,581.1744894981384,600.0,288.0,293.0,0.0
598.0655364990234,590.6954474449158,600.0,288.0,293.0,0.0
617.8836994171143,600.2081656455994,600.0,288.0,293.0,0.0
638.7305431365967,610.2146506309509,600.0,288.0,293.0,0.0
659.3196086883545,620.0974020957947,600.0,288.0,293.0,0.0
688.9080219268799,634.2998404502869,600.0,288.0,293.0,0.0
707.6664619445801,643.303891658783,600.0,288.0,293.0,0.0
727.6542835235596,652.8980460166931,600.0,288.0,293.0,0.0
747.669713973999,662.505452632904,600.0,288.0,293.0,0.0
768.1085758209229,672.3161063194275,600.0,288.0,293.0,0.0
798.2063941955566,686.7630591392517,600.0,288.0,293.0,0.0
821.1349182128906,697.768750667572,600.0,288.0,293.0,0.0
846.9803981781006,710.1745810508728,600.0,288.0,293.0,0.0
862.1489696502686,717.4554953575134,600.0,288.0,293.0,0.0
877.8977565765381,725.0149130821228,600.0,288.0,293.0,0.0
918.5963802337646,744.5502524375916,600.0,288.0,293.0,0.0
958.3265476226807,763.6207327842712,600.0,288.0,293.0,0.0
988.0332641601562,777.8799567222595,600.0,288.0,293.0,0.0
1007.7906303405762,787.3634924888611,600.0,288.0,293.0,0.0
1027.7213745117188,792.0,600.0,-288.0,293.0,0.0
1047.7229290008545,782.3992538452148,600.0,-288.0,293.0,0.0
1067.714469909668,772.8033142089844,600.0,-288.0,293.0,0.0
1089.3841438293457,762.4018707275391,600.0,-288.0,293.0,0.0
1110.436122894287,752.2969207763672,600.0,-288.0,293.0,0.0
1129.9800567626953,742.9158325195312,600.0,-288.0,293.0,0.0
1147.6428680419922,734.4376831054688,600.0,-288.0,293.0,0.0
1163.028018951416,727.0528106689453,600.0,-288.0,293.0,0.0
1172.6945571899414,722.4128723144531,600.0,-288.0,293.0,0.0
1182.0,717.9454193115234,-600.0,-300.0,293.0,0.0
1155.2565879821777,704.5737133026123,-600.0,-300.0,293.0,0.0
1134.9725074768066,694.4316730499268,-600.0,-300.0,293.0,0.0
1105.4064102172852,679.648624420166,-600.0,-300.0,293.0,0.0
1076.2816257476807,665.0862321853638,-600.0,-300.0,293.0,0.0
1054.1885204315186,654.0396795272827,-600.0,-300.0,293.0,0.0
1043.6573810577393,648.7741098403931,-600.0,-300.0,293.0,0.0
1024.8215503692627,639.3561944961548,-600.0,-300.0,293.0,0.0
1012.2958488464355,633.0933437347412,-600.0,-300.0,293.0,0.0
994.5413417816162,624.2160902023315,-600.0,-300.0,293.0,0.0
966.0502738952637,609.9705562591553,-600.0,-300.0,293.0,0.0
944.7821445465088,599.3364915847778,-600.0,-300.0,293.0,0.0
926.3482875823975,590.1195631027222,-600.0,-300.0,293.0,0.0
905.99582862854,579.9433336257935,-600.0,-300.0,293.0,0.0
896.1172885894775,575.0040636062622,-600.0,-300.0,293.0,0.0
865.8460922241211,559.868465423584,-600.0,-300.0,293.0,0.0
835.1189918518066,544.5049152374268,-600.0,-300.0,309.0,16.0
809.1646499633789,531.5277442932129,-600.0,-300.0,335.0,26.0
791.9819183349609,522.9363784790039,-600.0,-300.0,353.0,18.0
765.7175846099854,509.8042116165161,-600.0,-300.0,375.0,22.0
737.927324295044,495.9090814590454,-600.0,-300.0,388.0,13.0
710.4124374389648,482.15163803100586,-600.0,-300.0,392.0,4.0
689.3231220245361,471.6069803237915,-600.0,-300.0,393.0,1.0
676.3018913269043,465.0963649749756,-600.0,-300.0,393.0,0.0
656.0266799926758,454.9587593078613,-600.0,-300.0,394.0,1.0
635.8600444793701,444.8754415512085,-600.0,-300.0,394.0,0.0
615.7594985961914,434.82516860961914,-600.0,-300.0,394.0,0.0
594.9149436950684,424.4028911590576,-600.0,-300.0,394.0,0.0
565.3690166473389,409.62992763519287,-600.0,-300.0,385.0,-9.0
534.7547836303711,394.322811126709,-600.0,-300.0,379.0,-6.0
523.2760734558105,388.5834560394287,-600.0,-300.0,375.0,-4.0
495.8291358947754,374.85998725891113,-600.0,-300.0,374.0,-1.0
473.77308082580566,363.83195972442627,-600.0,-300.0,380.0,6.0
455.2462406158447,354.5685396194458,-600.0,-300.0,383.0,3.0
430.7387180328369,342.3147783279419,-600.0,-300.0,383.0,0.0
403.45543098449707,328.673134803772,-600.0,-300.0,383.0,0.0
381.6035099029541,317.7471742630005,-600.0,-300.0,383.0,0.0
366.0029239654541,309.9468812942505,-600.0,-300.0,383.0,0.0
346.2268180847168,300.05882835388184,-600.0,-300.0,383.0,0.0
324.84467697143555,289.3677577972412,-600.0,-300.0,355.0,-28.0
303.6244697570801,278.7576541900635,-600.0,-300.0,348.0,-7.0
280.19698333740234,267.0439109802246,-600.0,-300.0,328.0,-20.0
256.0734100341797,254.98212432861328,-600.0,-300.0,300.0,-28.0
236.22592163085938,245.05838012695312,-600.0,-300.0,277.0,-23.0
215.88891220092773,234.8898754119873,-600.0,-300.0,258.0,-19.0
195.32087516784668,224.60585689544678,-600.0,-300.0,229.0,-29.0
174.77572631835938,214.33328247070312,-600.0,-300.0,197.0,-32.0
149.9729461669922,201.93189239501953,-600.0,-300.0,175.0,-22.0
126.29326057434082,190.09204959869385,-600.0,-300.0,160.0,-15.0
106.383544921875,180.13719177246094,-600.0,-300.0,155.0,-5.0
86.07772064208984,169.98427963256836,-600.0,-300.0,153.0,-2.0
65.48221778869629,159.68652820587158,-600.0,-300.0,153.0,0.0
45.379812240600586,149.63532543182373,-600.0,-300.0,153.0,0.0
23.25223159790039,138.57153511047363,-600.0,-300.0,153.0,0.0
18.0,125.10813331604004,600.0,-504.0,156.0,3.0
38.23673057556152,108.10927963256836,600.0,-504.0,161.0,5.0
58.604352951049805,91.0004768371582,600.0,-504.0,166.0,5.0
78.2625846862793,74.48756217956543,600.0,-504.0,167.0,1.0
99.005859375,57.06321144104004,600.0,-504.0,168.0,1.0
122.14609909057617,37.625410079956055,600.0,-504.0,168.0,0.0
142.24607276916504,20.741432189941406,600.0,-504.0,168.0,0.0
161.1130886077881,8.0,600.0,504.0,168.0,0.0
188.35975456237793,30.88719940185547,600.0,504.0,168.0,0.0
209.1287784576416,48.33317947387695,600.0,504.0,168.0,0.0
229.5886688232422,65.51948738098145,600.0,504.0,168.0,0.0
253.64701080322266,85.72849464416504,600.0,504.0,168.0,0.0
272.9117088317871,101.91084098815918,600.0,504.0,168.0,0.0
288.2658176422119,114.80829238891602,600.0,504.0,168.0,0.0
318.32458305358887,140.05765533447266,600.0,504.0,168.0,0.0
328.22701263427734,148.37569618225098,600.0,504.0,168.0,0.0
370.32110023498535,183.7347297668457,600.0,504.0,168.0,0.0
408.8975601196289,216.1389560699463,600.0,504.0,168.0,0.0
419.81751251220703,225.3117160797119,600.0,504.0,168.0,0.0
438.24335861206055,240.78942680358887,600.0,504.0,174.0,6.0
457.97626304626465,257.3650665283203,600.0,504.0,185.0,11.0
479.12751960754395,275.1321220397949,600.0,504.0,185.0,0.0
502.130859375,294.454927444458,600.0,504.0,185.0,0.0
528.0335597991943,316.21319580078125,600.0,504.0,185.0,0.0
547.9402713775635,332.9348335266113,600.0,504.0,185.0,0.0
568.2562522888184,350.00025749206543,600.0,504.0,185.0,0.0
589.0577487945557,367.47351455688477,600.0,504.0,185.0,0.0
618.7960796356201,392.4537124633789,600.0,504.0,185.0,0.0
658.3090953826904,425.64464569091797,600.0,504.0,185.0,0.0
679.638593673706,443.5614242553711,600.0,504.0,185.0,0.0
691.0696678161621,453.1635265350342,600.0,504.0,185.0,0.0
718.6570816040039,476.3369541168213,600.0,504.0,229.0,44.0
758.8269882202148,510.0796756744385,600.0,504.0,227.0,-2.0
781.1730079650879,528.8503322601318,600.0,504.0,226.0,-1.0
798.3773403167725,543.3019714355469,600.0,504.0,226.0,0.0
818.3530025482178,560.0815277099609,600.0,504.0,226.0,0.0
838.1926231384277,576.7468090057373,600.0,504.0,226.0,0.0
858.668249130249,593.9463348388672,600.0,504.0,226.0,0.0
878.3111743927002,610.4463920593262,600.0,504.0,226.0,0.0
908.8485889434814,636.0978202819824,600.0,504.0,226.0,0.0
940.6475715637207,662.8089656829834,600.0,504.0,226.0,0.0
952.0654850006104,672.4000129699707,600.0,504.0,226.0,0.0
969.9995212554932,687.4646034240723,600.0,504.0,226.0,0.0
998.4305076599121,711.3466320037842,600.0,504.0,226.0,0.0
1028.496425628662,736.6020030975342,600.0,504.0,226.0,0.0
1087.478416442871,786.1468753814697,600.0,504.0,226.0,0.0
1115.7125644683838,792.0,600.0,-504.0,226.0,0.0
1128.2879047393799,781.4367141723633,600.0,-504.0,226.0,0.0
1149.1295986175537,763.9296913146973,600.0,-504.0,226.0,0.0
1169.5511512756348,746.7755870819092,600.0,-504.0,226.0,0.0
1182.0,722.2515277862549,-600.0,-600.0,226.0,0.0
1162.5683612823486,702.8198890686035,-600.0,-600.0,226.0,0.0
1141.9193572998047,682.1708850860596,-600.0,-600.0,226.0,0.0
1122.2820110321045,662.5335388183594,-600.0,-600.0,226.0,0.0
1102.2641487121582,642.5156764984131,-600.0,-600.0,226.0,0.0
1079.8524684906006,620.1039962768555,-600.0,-600.0,226.0,0.0
1052.3561782836914,592.6077060699463,-600.0,-600.0,226.0,0.0
1032.4241466522217,572.6756744384766,-600.0,-600.0,226.0,0.0
1011.8752784729004,552.1268062591553,-600.0,-600.0,226.0,0.0
992.4221820831299,532.6737098693848,-600.0,-600.0,226.0,0.0
971.2770767211914,511.5286045074463,-600.0,-600.0,226.0,0.0
931.1940021514893,471.44552993774414,-600.0,-600.0,226.0,0.0
902.7359790802002,442.9875068664551,-600.0,-600.0,226.0,0.0
879.0947742462158,419.3463020324707,-600.0,-600.0,226.0,0.0
852.4444885253906,392.6960163116455,-600.0,-600.0,226.0,0.0
831.7517108917236,372.0032386779785,-600.0,-600.0,226.0,0.0
802.3193664550781,342.570894241333,-600.0,-600.0,226.0,0.0
779.9686260223389,320.22015380859375,-600.0,-600.0,226.0,0.0
768.7428302764893,308.99435806274414,-600.0,-600.0,226.0,0.0
750.5315608978271,290.78308868408203,-600.0,-600.0,226.0,0.0
740.2481861114502,280.4997138977051,-600.0,-600.0,226.0,0.0
729.4067687988281,269.658296585083,-600.0,-600.0,226.0,0.0
713.5817356109619,253.8332633972168,-600.0,-600.0,226.0,0.0
691.2989444732666,231.55047225952148,-600.0,-600.0,220.0,-6.0
655.3480453491211,195.59957313537598,-600.0,-600.0,216.0,-4.0
631.744176864624,171.9957046508789,-600.0,-600.0,214.0,-2.0
618.4030838012695,158.6546115875244,-600.0,-600.0,214.0,0.0
591.096622467041,131.3481502532959,-600.0,-600.0,213.0,-1.0
560.351354598999,100.6028823852539,-600.0,-600.0,214.0,1.0
528.7690944671631,69.02062225341797,-600.0,-600.0,216.0,2.0
497.0496482849121,37.30117607116699,-600.0,-600.0,220.0,4.0
472.5065059661865,12.758033752441406,-600.0,-600.0,220.0,0.0
451.55037117004395,8.0,-600.0,600.0,220.0,0.0
432.19798278808594,27.352388381958008,-600.0,600.0,220.0,0.0
410.43174934387207,49.118621826171875,-600.0,600.0,220.0,0.0
371.888334274292,87.66203689575195,-600.0,600.0,259.0,39.0
352.426082611084,107.12428855895996,-600.0,600.0,269.0,10.0
332.43654441833496,127.11382675170898,-600.0,600.0,275.0,6.0
312.5405616760254,147.00980949401855,-600.0,600.0,283.0,8.0
290.6214065551758,168.92896461486816,-600.0,600.0,295.0,12.0
269.68200874328613,189.8683624267578,-600.0,600.0,307.0,12.0
232.68955421447754,226.8608169555664,-600.0,600.0,326.0,19.0
212.78813552856445,246.7622356414795,-600.0,600.0,337.0,11.0
192.4841709136963,267.06620025634766,-600.0,600.0,349.0,12.0
172.55099487304688,286.99937629699707,-600.0,600.0,364.0,15.0
141.88969802856445,317.6606731414795,-600.0,600.0,382.0,18.0
112.22031784057617,347.3300533294678,-600.0,600.0,402.0,20.0
92.14251708984375,367.4078540802002,-600.0,600.0,413.0,11.0
72.47441482543945,387.0759563446045,-600.0,600.0,425.0,12.0
52.69745063781738,406.85292053222656,-600.0,600.0,441.0,16.0
32.48933029174805,427.0610408782959,-600.0,600.0,462.0,21.0
18.0,447.77184295654297,600.0,210.0,478.0,16.0
42.25189018249512,456.26000452041626,600.0,210.0,493.0,15.0
65.21159934997559,464.2959027290344,600.0,210.0,497.0,4.0
87.38152313232422,472.05537605285645,600.0,210.0,497.0,0.0
107.29667472839355,479.0256791114807,600.0,210.0,497.0,0.0
127.02242660522461,485.9296922683716,600.0,210.0,497.0,0.0
148.69567680358887,493.5153298377991,600.0,210.0,497.0,0.0
168.4782199859619,500.43921995162964,600.0,210.0,497.0,0.0
197.76837158203125,510.6907730102539,600.0,210.0,497.0,0.0
217.3091583251953,517.5300483703613,600.0,210.0,497.0,0.0
237.10858154296875,524.459846496582,600.0,210.0,497.0,0.0
257.7696018218994,531.6912035942078,600.0,210.0,497.0,0.0
277.7303867340088,538.677478313446,600.0,210.0,497.0,0.0
298.40943145751953,545.9151439666748,600.0,210.0,497.0,0.0
328.1004123687744,556.306987285614,600.0,210.0,497.0,0.0
357.0845775604248,566.4514451026917,600.0,210.0,497.0,0.0
377.26737785339355,573.5154252052307,600.0,210.0,497.0,0.0
397.87804412841797,580.7291584014893,600.0,210.0,497.0,0.0
420.6360511779785,588.6944608688354,600.0,210.0,497.0,0.0
448.15551567077637,598.3262734413147,600.0,210.0,494.0,-3.0
477.32507514953613,608.5356192588806,600.0,210.0,483.0,-11.0
497.318904876709,615.5334596633911,600.0,210.0,476.0,-7.0
517.3224620819092,622.5347046852112,600.0,210.0,472.0,-4.0
537.0396308898926,629.4357137680054,600.0,210.0,470.0,-2.0
558.3227806091309,636.8848161697388,600.0,210.0,467.0,-3.0
588.7373142242432,647.5299029350281,600.0,210.0,462.0,-5.0
617.8326301574707,657.7132635116577,600.0,210.0,458.0,-4.0
637.3511009216309,664.5447282791138,600.0,210.0,455.0,-3.0
657.0293598175049,671.4321188926697,600.0,210.0,453.0,-2.0
677.5386028289795,678.6103539466858,600.0,210.0,450.0,-3.0
698.3514003753662,685.8948330879211,600.0,210.0,448.0,-2.0
727.6823215484619,696.1606554985046,600.0,210.0,437.0,-11.0
757.0661716461182,706.4450030326843,600.0,210.0,429.0,-8.0
777.32936668396,713.537121295929,600.0,210.0,423.0,-6.0
797.0825843811035,720.4507474899292,600.0,210.0,415.0,-8.0
817.0674018859863,727.4454336166382,600.0,210.0,407.0,-8.0
837.6760654449463,734.6584658622742,600.0,210.0,402.0,-5.0
863.1972484588623,743.5908799171448,600.0,210.0,398.0,-4.0
897.4362545013428,755.5745320320129,600.0,210.0,398.0,0.0
917.2956161499023,762.5253086090088,600.0,210.0,398.0,0.0
931.2780075073242,767.4191455841064,600.0,210.0,398.0,0.0
958.0481700897217,776.7887024879456,600.0,210.0,398.0,0.0
978.629940032959,783.9923219680786,600.0,210.0,398.0,0.0
1018.8336067199707,792.0,600.0,-210.0,398.0,0.0
1037.3758964538574,785.5101985931396,600.0,-210.0,398.0,0.0
1057.482593536377,778.4728546142578,600.0,-210.0,398.0,0.0
1077.0941905975342,771.6087956428528,600.0,-210.0,398.0,0.0
1098.4158210754395,764.1462249755859,600.0,-210.0,398.0,0.0
1119.0652542114258,756.9189233779907,600.0,-210.0,398.0,0.0
1147.3626308441162,747.0148415565491,600.0,-210.0,398.0,0.0
1167.1955280303955,740.0733275413513,600.0,-210.0,398.0,0.0
1182.0,732.9360480308533,-600.0,24.0,398.0,0.0
1162.4286003112793,733.7189040184021,-600.0,24.0,398.0,0.0
1142.36696434021,734.5213694572449,-600.0,24.0,398.0,0.0
1121.9651527404785,735.3374419212341,-600.0,24.0,398.0,0.0
1101.286823272705,736.1645750999451,-600.0,24.0,398.0,0.0
1080.5405445098877,736.9944262504578,-600.0,24.0,398.0,0.0
1052.2006816864014,738.1280207633972,-600.0,24.0,398.0,0.0
1032.4926681518555,738.916341304779,-600.0,24.0,398.0,0.0
1012.3241729736328,739.723081111908,-600.0,24.0,398.0,0.0
991.8371028900146,740.5425639152527,-600.0,24.0,398.0,0.0
971.9688720703125,741.3372931480408,-600.0,24.0,398.0,0.0
951.1457748413086,742.1702170372009,-600.0,24.0,398.0,0.0
932.2834796905518,742.9247088432312,-600.0,24.0,398.0,0.0
912.5316925048828,743.714780330658,-600.0,24.0,398.0,0.0
892.5527400970459,744.5139384269714,-600.0,24.0,398.0,0.0
872.0201797485352,745.3352408409119,-600.0,24.0,398.0,0.0
851.0154075622559,746.175431728363,-600.0,24.0,398.0,0.0
822.1546955108643,747.3298602104187,-600.0,24.0,398.0,0.0
802.0560092926025,748.1338076591492,-600.0,24.0,398.0,0.0
772.198802947998,749.3280959129333,-600.0,24.0,398.0,0.0
732.2471923828125,750.9261603355408,-600.0,24.0,398.0,0.0
701.0154075622559,752.175431728363,-600.0,24.0,398.0,0.0
681.1596221923828,752.969663143158,-600.0,24.0,398.0,0.0
660.1223773956299,753.8111529350281,-600.0,24.0,412.0,14.0
642.5106353759766,754.5156226158142,-600.0,24.0,423.0,11.0
622.5216693878174,755.3151812553406,-600.0,24.0,436.0,13.0
602.3052520751953,756.1238379478455,-600.0,24.0,447.0,11.0
581.5501041412354,756.9540438652039,-600.0,24.0,460.0,13.0
550.9104080200195,758.1796317100525,-600.0,24.0,483.0,23.0
522.2230739593506,759.3271250724792,-600.0,24.0,497.0,14.0
502.34339904785156,760.1223120689392,-600.0,24.0,508.0,11.0
482.4119396209717,760.9195704460144,-600.0,24.0,519.0,11.0
462.35874366760254,761.7216982841492,-600.0,24.0,526.0,7.0
440.87646675109863,762.5809893608093,-600.0,24.0,534.0,8.0
411.49790954589844,763.7561316490173,-600.0,24.0,546.0,12.0
382.20532608032227,764.9278349876404,-600.0,24.0,565.0,19.0
362.2182197570801,765.7273192405701,-600.0,24.0,582.0,17.0
342.3823184967041,766.5207552909851,-600.0,24.0,601.0,19.0
322.2545928955078,767.325864315033,-600.0,24.0,625.0,24.0
301.6698188781738,768.1492552757263,-600.0,24.0,648.0,23.0
277.59903144836426,769.1120867729187,-600.0,24.0,660.0,12.0
251.81334686279297,770.1435141563416,-600.0,24.0,669.0,9.0
232.3901481628418,770.9204421043396,-600.0,24.0,672.0,3.0
212.4269313812256,771.7189707756042,-600.0,24.0,672.0,0.0
191.928560256958,772.538905620575,-600.0,24.0,672.0,0.0
172.4585838317871,773.3177046775818,-600.0,24.0,672.0,0.0
151.3901538848877,774.1604418754578,-600.0,24.0,672.0,0.0
111.79316711425781,775.744321346283,-600.0,24.0,713.0,41.0
92.99824905395508,776.4961180686951,-600.0,24.0,713.0,0.0
72.24181365966797,777.3263754844666,-600.0,24.0,713.0,0.0
50.88785362243652,778.1805338859558,-600.0,24.0,713.0,0.0
29.48697280883789,779.0365691184998,-600.0,24.0,750.0,37.0
600.0,400.0,600.0,354.0,750.0,0.0
619.4460868835449,411.4731912612915,600.0,354.0,750.0,0.0
638.9160633087158,422.96047735214233,600.0,354.0,750.0,0.0
659.020185470581,434.8219094276428,600.0,354.0,750.0,0.0
680.2740097045898,447.361665725708,600.0,354.0,750.0,0.0
699.9246597290039,458.9555492401123,600.0,354.0,750.0,0.0
730.0867080688477,476.7511577606201,600.0,354.0,750.0,0.0
749.5206356048584,488.21717500686646,600.0,354.0,750.0,0.0
769.1592693328857,499.8039689064026,600.0,354.0,750.0,0.0
789.1357898712158,511.59011602401733,600.0,354.0,750.0,0.0
809.3742370605469,523.5307998657227,600.0,354.0,750.0,0.0
830.1000595092773,535.7590351104736,600.0,354.0,750.0,0.0
850.8647918701172,548.0102272033691,600.0,354.0,750.0,0.0
880.5942535400391,565.550609588623,600.0,354.0,750.0,0.0
899.2009162902832,576.5285406112671,600.0,354.0,750.0,0.0
918.8538551330566,588.1237745285034,600.0,354.0,750.0,0.0
939.1758441925049,600.1137480735779,600.0,354.0,750.0,0.0
959.6287250518799,612.1809477806091,600.0,354.0,750.0,0.0
979.5048236846924,623.9078459739685,600.0,354.0,750.0,0.0
1001.4756202697754,636.8706159591675,600.0,354.0,750.0,0.0
1019.2452907562256,647.3547215461731,600.0,354.0,750.0,0.0
1038.9703273773193,658.9924931526184,600.0,354.0,750.0,0.0
1059.5322132110596,671.1240057945251,600.0,354.0,750.0,0.0
1079.791259765625,683.0768432617188,600.0,354.0,750.0,0.0
1099.3829727172852,694.6359539031982,600.0,354.0,750.0,0.0
1120.263147354126,706.9552569389343,600.0,354.0,735.0,-15.0
1149.276065826416,724.0728788375854,600.0,354.0,720.0,-15.0
1168.9181327819824,735.6616983413696,600.0,354.0,706.0,-14.0
1182.0,747.7377600669861,-600.0,846.0,697.0,-9.0
1162.1723957061768,775.6946821212769,-600.0,846.0,689.0,-8.0
1140.180570602417,792.0,-600.0,-846.0,676.0,-13.0
1121.0344619750977,765.0039868354797,-600.0,-846.0,667.0,-9.0
1091.8504543304443,723.8545360565186,-600.0,-846.0,654.0,-13.0
1072.2594566345215,696.2312293052673,-600.0,-846.0,649.0,-5.0
1051.7801113128662,667.3553524017334,-600.0,-846.0,642.0,-7.0
1032.5268573760986,640.2082643508911,-600.0,-846.0,636.0,-6.0
1012.2293300628662,611.5887508392334,-600.0,-846.0,629.0,-7.0
991.6073627471924,582.5117769241333,-600.0,-846.0,626.0,-3.0
970.2473945617676,552.3942217826843,-600.0,-846.0,626.0,0.0
952.252275466919,527.0211038589478,-600.0,-846.0,626.0,0.0
931.8593330383301,498.26705503463745,-600.0,-846.0,626.0,0.0
910.8774490356445,468.68259859085083,-600.0,-846.0,626.0,0.0
892.0187301635742,442.0918049812317,-600.0,-846.0,626.0,0.0
871.3242359161377,412.9125680923462,-600.0,-846.0,626.0,0.0
852.254373550415,386.02406215667725,-600.0,-846.0,626.0,0.0
831.7043609619141,357.04854440689087,-600.0,-846.0,626.0,0.0
812.3664207458496,329.78204870224,-600.0,-846.0,626.0,0.0
792.5825901031494,301.8868474960327,-600.0,-846.0,608.0,-18.0
771.764928817749,272.53394508361816,-600.0,-846.0,564.0,-44.0
751.2953109741211,243.67178392410278,-600.0,-846.0,541.0,-23.0
730.0979919433594,213.78356409072876,-600.0,-846.0,541.0,0.0
691.7363948822021,159.69371223449707,-600.0,-846.0,541.0,0.0
672.4613971710205,132.51596546173096,-600.0,-846.0,541.0,0.0
640.786153793335,87.85387229919434,-600.0,-846.0,541.0,0.0
630.7422466278076,73.69196319580078,-600.0,-846.0,541.0,0.0
620.2043838500977,58.833576679229736,-600.0,-846.0,541.0,0.0
602.9944725036621,34.567601680755615,-600.0,-846.0,541.0,0.0
570.1630897521973,8.0,-600.0,846.0,541.0,0.0
540.8742256164551,49.297298431396484,-600.0,846.0,541.0,0.0
511.8492908477783,90.22245645523071,-600.0,846.0,541.0,0.0
492.5094909667969,117.49157428741455,-600.0,846.0,541.0,0.0
472.51923751831055,145.67783164978027,-600.0,846.0,541.0,0.0
449.5961494445801,177.99938583374023,-600.0,846.0,541.0,0.0
430.4597682952881,204.98168325424194,-600.0,846.0,492.0,-49.0
408.91025733947754,235.36649370193481,-600.0,846.0,507.0,15.0
391.8461151123047,259.42693424224854,-600.0,846.0,520.0,13.0
372.24109840393066,287.0700078010559,-600.0,846.0,529.0,9.0
352.3768730163574,315.0785655975342,-600.0,846.0,545.0,16.0
331.7028350830078,344.22895908355713,-600.0,846.0,563.0,18.0
312.46488761901855,371.354465007782,-600.0,846.0,572.0,9.0
291.7691059112549,400.53551721572876,-600.0,846.0,590.0,18.0
271.4472599029541,429.18932008743286,-600.0,846.0,606.0,16.0
252.4720973968506,455.9442992210388,-600.0,846.0,618.0,12.0
232.2239227294922,484.49422550201416,-600.0,846.0,643.0,25.0
212.45096397399902,512.3740973472595,-600.0,846.0,663.0,20.0
192.4991912841797,540.5060968399048,-600.0,846.0,681.0,18.0
160.42068672180176,585.7367882728577,-600.0,846.0,702.0,21.0
137.875825881958,617.5250420570374,-600.0,846.0,714.0,12.0
112.10687828063965,653.8592581748962,-600.0,846.0,735.0,21.0
92.46895980834961,681.5487232208252,-600.0,846.0,750.0,15.0
72.26684761047363,710.0337014198303,-600.0,846.0,750.0,0.0
52.30191421508789,738.1842575073242,-600.0,846.0,750.0,0.0
31.25222396850586,767.8643207550049,-600.0,846.0,750.0,0.0
18.0,792.0,600.0,-1164.0,750.0,0.0
39.272993087768555,750.730393409729,600.0,-1164.0,750.0,0.0
58.8299446105957,712.7899074554443,600.0,-1164.0,750.0,0.0
86.80903244018555,658.51047706604,600.0,-1164.0,750.0,0.0
107.62912559509277,618.11949634552,600.0,-1164.0,750.0,0.0
127.35344696044922,579.8543128967285,600.0,-1164.0,750.0,0.0
148.5798053741455,538.6751775741577,600.0,-1164.0,750.0,0.0
178.17050743103027,481.26921558380127,600.0,-1164.0,750.0,0.0
196.36675643920898,445.96849250793457,600.0,-1164.0,750.0,0.0
216.9701271057129,405.997953414917,600.0,-1164.0,750.0,0.0
236.7209129333496,367.68142890930176,600.0,-1164.0,750.0,0.0
256.58513832092285,329.14483165740967,600.0,-1164.0,750.0,0.0
278.4407787322998,286.7448892593384,600.0,-1164.0,750.0,0.0
308.3068542480469,228.80470275878906,600.0,-1164.0,750.0,0.0
326.2829475402832,193.9310817718506,600.0,-1164.0,748.0,-2.0
346.4980773925781,154.71372985839844,600.0,-1164.0,732.0,-16.0
368.6146430969238,111.80759239196777,600.0,-1164.0,706.0,-26.0
386.66698265075684,76.78605365753174,600.0,-1164.0,686.0,-20.0
408.38758277893066,34.64808940887451,600.0,-1164.0,671.0,-15.0
429.2866401672363,8.0,600.0,1164.0,659.0,-12.0
446.1467914581299,40.708693504333496,600.0,1164.0,653.0,-6.0
466.39367866516113,79.98765468597412,600.0,1164.0,645.0,-8.0
486.4859275817871,118.96661758422852,600.0,1164.0,637.0,-8.0
506.24501037597656,157.29923820495605,600.0,1164.0,629.0,-8.0
526.6353778839111,196.85655117034912,600.0,1164.0,620.0,-9.0
557.4893646240234,256.713285446167,600.0,1164.0,608.0,-12.0
586.317461013794,312.6397924423218,600.0,1164.0,591.0,-17.0
610.2964096069336,359.1589527130127,600.0,1164.0,587.0,-4.0
636.7421321868896,410.46365451812744,600.0,1164.0,585.0,-2.0
657.801549911499,451.31892490386963,600.0,1164.0,585.0,0.0
687.195556640625,508.343297958374,600.0,1164.0,585.0,0.0
716.5828399658203,565.3546276092529,600.0,1164.0,585.0,0.0
736.4507846832275,603.898440361023,600.0,1164.0,585.0,0.0
756.4511947631836,642.6992359161377,600.0,1164.0,585.0,0.0
777.056282043457,682.6731052398682,600.0,1164.0,585.0,0.0
797.2578220367432,721.8640928268433,600.0,1164.0,585.0,0.0
817.0756988525391,760.3107738494873,600.0,1164.0,585.0,0.0
836.9716815948486,792.0,600.0,-1164.0,585.0,0.0
856.2209300994873,754.656457901001,600.0,-1164.0,585.0,0.0
879.8873119354248,708.7436771392822,600.0,-1164.0,585.0,0.0
898.1615238189697,673.2917060852051,600.0,-1164.0,585.0,0.0
926.9236736297607,617.4931354522705,600.0,-1164.0,585.0,0.0
947.7203063964844,577.1476678848267,600.0,-1164.0,585.0,0.0
977.776782989502,518.8381032943726,600.0,-1164.0,585.0,0.0
996.4727096557617,482.5680055618286,600.0,-1164.0,585.0,0.0
1016.9596366882324,442.82336711883545,600.0,-1164.0,585.0,0.0
1036.6553478240967,404.6136875152588,600.0,-1164.0,585.0,0.0
1056.5471820831299,366.0235290527344,600.0,-1164.0,585.0,0.0
1076.9033603668213,326.53254318237305,600.0,-1164.0,585.0,0.0
1096.9361000061035,287.6690282821655,600.0,-1164.0,585.0,0.0
1136.537950515747,210.84143829345703,600.0,-1164.0,585.0,0.0
1157.8810386657715,169.43584728240967,600.0,-1164.0,585.0,0.0
1169.2656211853027,147.34975719451904,600.0,-1164.0,585.0,0.0
1182.0,109.99955463409424,-600.0,-870.0,585.0,0.0
1167.2334022521973,88.58798789978027,-600.0,-870.0,585.0,0.0
1151.2763328552246,65.45023727416992,-600.0,-870.0,585.0,0.0
1123.8996334075928,25.75402307510376,-600.0,-870.0,585.0,0.0
1103.7480182647705,8.0,-600.0,870.0,585.0,0.0
1073.863203048706,51.33298206329346,-600.0,870.0,585.0,0.0
1053.6612339019775,80.6258373260498,-600.0,870.0,585.0,0.0
1032.4337310791016,111.40571641921997,-600.0,870.0,585.0,0.0
993.5645885467529,167.7659730911255,-600.0,870.0,585.0,0.0
971.564323425293,199.66635751724243,-600.0,870.0,585.0,0.0
954.1992015838623,224.8457841873169,-600.0,870.0,585.0,0.0
930.568868637085,259.10976696014404,-600.0,870.0,585.0,0.0
903.5669631958008,298.2625298500061,-600.0,870.0,585.0,0.0
873.9695377349854,341.1787967681885,-600.0,870.0,585.0,0.0
843.992883682251,384.6449451446533,-600.0,870.0,585.0,0.0
833.3627529144287,400.0586347579956,-600.0,870.0,585.0,0.0
814.1016311645508,427.9872612953186,-600.0,870.0,585.0,0.0
792.9251976013184,458.6930899620056,-600.0,870.0,585.0,0.0
773.7905330657959,486.4383535385132,-600.0,870.0,585.0,0.0
753.2021827697754,516.2914614677429,-600.0,870.0,585.0,0.0
724.0547962188721,558.5551719665527,-600.0,870.0,585.0,0.0
704.3248958587646,587.1635274887085,-600.0,870.0,585.0,0.0
683.963996887207,616.686830997467,-600.0,870.0,585.0,0.0
663.8058013916016,645.916214466095,-600.0,870.0,585.0,0.0
643.6415977478027,675.1543097496033,-600.0,870.0,585.0,0.0
623.8403148651123,703.8661699295044,-600.0,870.0,585.0,0.0
603.3659763336182,733.5539608001709,-600.0,870.0,583.0,-2.0
574.3361778259277,775.647168636322,-600.0,870.0,562.0,-21.0
553.2966442108154,792.0,-600.0,-870.0,504.0,-58.0
533.7863273620605,763.7100405693054,-600.0,-870.0,451.0,-53.0
512.9171676635742,733.4497590065002,-600.0,-870.0,406.0,-45.0
470.07291984558105,671.3255996704102,-600.0,-870.0,340.0,-66.0
436.83713150024414,623.1337065696716,-600.0,-870.0,324.0,-16.0
422.42158126831055,602.2311587333679,-600.0,-870.0,309.0,-15.0
404.06926345825195,575.620297908783,-600.0,-870.0,289.0,-20.0
383.76172256469727,546.1743636131287,-600.0,-870.0,263.0,-26.0
364.1748733520508,517.7734322547913,-600.0,-870.0,247.0,-16.0
334.1585941314697,474.24982738494873,-600.0,-870.0,225.0,-22.0
313.92429542541504,444.91009426116943,-600.0,-870.0,212.0,-13.0
294.343168258667,416.51745986938477,-600.0,-870.0,199.0,-13.0
274.3014163970947,387.456919670105,-600.0,-870.0,199.0,0.0
254.06997871398926,358.12133502960205,-600.0,-870.0,168.0,-31.0
233.69634819030762,328.5795707702637,-600.0,-870.0,146.0,-22.0
211.68063354492188,296.65678453445435,-600.0,-870.0,123.0,-23.0
192.1919174194336,268.39814615249634,-600.0,-870.0,110.0,-13.0
164.2566032409668,227.89194059371948,-600.0,-870.0,101.0,-9.0
144.11156845092773,198.68164014816284,-600.0,-870.0,101.0,0.0
123.36471748352051,168.59870624542236,-600.0,-870.0,101.0,0.0
103.77243232727051,140.18989276885986,-600.0,-870.0,101.0,0.0
83.36160850524902,110.59419822692871,-600.0,-870.0,101.0,0.0
62.35869598388672,80.13997507095337,-600.0,-870.0,101.0,0.0
34.08778381347656,39.14715242385864,-600.0,-870.0,86.0,-15.0
14.254171371459961,10.38841438293457,-600.0,-870.0,69.0,-17.0
600.0,400.0,600.0,132.0,58.0,-11.0
621.2423801422119,404.6733236312866,600.0,132.0,53.0,-5.0
649.9631881713867,410.9919013977051,600.0,132.0,50.0,-3.0
679.6960830688477,417.5331382751465,600.0,132.0,50.0,0.0
710.6675148010254,424.3468532562256,600.0,132.0,50.0,0.0
723.4877586364746,427.1673069000244,600.0,132.0,50.0,0.0
751.094913482666,433.2408809661865,600.0,132.0,50.0,0.0
779.959774017334,439.5911502838135,600.0,132.0,50.0,0.0
809.5198631286621,446.09436988830566,600.0,132.0,52.0,2.0
829.3985366821289,450.46767807006836,600.0,132.0,53.0,1.0
849.697208404541,454.933385848999,600.0,132.0,57.0,4.0
869.4023609161377,459.2685194015503,600.0,132.0,63.0,6.0
889.6588325500488,463.72494316101074,600.0,132.0,73.0,10.0
910.936689376831,468.40607166290283,600.0,132.0,83.0,10.0
939.8633480072021,474.7699365615845,600.0,132.0,106.0,23.0
959.6434593200684,479.12156105041504,600.0,132.0,118.0,12.0
979.6109676361084,483.51441287994385,600.0,132.0,135.0,17.0
999.3430137634277,487.8554630279541,600.0,132.0,163.0,28.0
1019.7425365447998,492.34335803985596,600.0,132.0,186.0,23.0
1039.6445274353027,496.7217960357666,600.0,132.0,205.0,19.0
1059.9341869354248,501.18552112579346,600.0,132.0,224.0,19.0
1083.9407444000244,506.46696376800537,600.0,132.0,242.0,18.0
1106.4934730529785,511.4285640716553,600.0,132.0,260.0,18.0
1119.968318939209,514.393030166626,600.0,132.0,260.0,0.0
1149.5694637298584,520.9052820205688,600.0,132.0,304.0,44.0
1173.3623027801514,526.1397066116333,600.0,132.0,320.0,16.0
1182.0,532.2791500091553,-600.0,-108.0,345.0,25.0
1152.9882259368896,527.0570306777954,-600.0,-108.0,353.0,8.0
1129.2641944885254,522.7867050170898,-600.0,-108.0,353.0,0.0
1103.5205669403076,518.1528520584106,-600.0,-108.0,353.0,0.0
1083.0958671569824,514.4764060974121,-600.0,-108.0,353.0,0.0
1062.20339012146,510.71576023101807,-600.0,-108.0,353.0,0.0
1032.611400604248,505.3892021179199,-600.0,-108.0,353.0,0.0
1012.3955554962158,501.7503499984741,-600.0,-108.0,353.0,0.0
993.2225532531738,498.29920959472656,-600.0,-108.0,353.0,0.0
973.4525985717773,494.7406177520752,-600.0,-108.0,353.0,0.0
953.4383125305176,491.13804626464844,-600.0,-108.0,353.0,0.0
933.5213012695312,487.5529842376709,-600.0,-108.0,353.0,0.0
912.2016735076904,483.71545124053955,-600.0,-108.0,353.0,0.0
893.3818645477295,480.3278856277466,-600.0,-108.0,353.0,0.0
873.7884349822998,476.80106830596924,-600.0,-108.0,353.0,0.0
853.7525482177734,473.1946086883545,-600.0,-108.0,353.0,0.0
833.4089584350586,469.5327625274658,-600.0,-108.0,353.0,0.0
812.3069114685059,465.7343940734863,-600.0,-108.0,353.0,0.0
793.1472129821777,462.28564834594727,-600.0,-108.0,353.0,0.0
772.0697708129883,458.49170875549316,-600.0,-108.0,353.0,0.0
743.7178916931152,453.388370513916,-600.0,-108.0,353.0,0.0
723.395902633667,449.73041248321533,-600.0,-108.0,353.0,0.0
703.4910507202148,446.14753913879395,-600.0,-108.0,353.0,0.0
683.6597270965576,442.57790088653564,-600.0,-108.0,353.0,0.0
663.6076755523682,438.96853160858154,-600.0,-108.0,353.0,0.0
642.763692855835,435.21661472320557,-600.0,-108.0,353.0,0.0
613.5340518951416,429.95527935028076,-600.0,-108.0,353.0,0.0
593.857795715332,426.41355323791504,-600.0,-108.0,353.0,0.0
573.6106224060059,422.7690620422363,-600.0,-108.0,360.0,7.0
553.5989112854004,419.16695404052734,-600.0,-108.0,370.0,10.0
533.4545917510986,415.540976524353,-600.0,-108.0,379.0,9.0
492.5525493621826,408.17860889434814,-600.0,-108.0,381.0,2.0
463.75320625305176,402.9947271347046,-600.0,-108.0,380.0,-1.0
443.66882514953613,399.3795385360718,-600.0,-108.0,378.0,-2.0
423.61791801452637,395.77037525177,-600.0,-108.0,376.0,-2.0
403.86899185180664,392.21556854248047,-600.0,-108.0,375.0,-1.0
382.5875587463379,388.3849105834961,-600.0,-108.0,375.0,0.0
357.70910453796387,383.90678882598877,-600.0,-108.0,377.0,2.0
338.1342716217041,380.383318901062,-600.0,-108.0,378.0,1.0
323.6645050048828,377.7787609100342,-600.0,-108.0,378.0,0.0
303.6233253479004,374.17134857177734,-600.0,-108.0,378.0,0.0
283.9343376159668,370.6273307800293,-600.0,-108.0,378.0,0.0
262.7736396789551,366.8184051513672,-600.0,-108.0,375.0,-3.0
233.45330429077148,361.54074478149414,-600.0,-108.0,361.0,-14.0
203.33159637451172,356.1188373565674,-600.0,-108.0,346.0,-15.0
186.72307205200195,353.1293029785156,-600.0,-108.0,339.0,-7.0
173.5811061859131,350.76374912261963,-600.0,-108.0,334.0,-5.0
153.90957069396973,347.2228727340698,-600.0,-108.0,328.0,-6.0
133.5941619873047,343.5660991668701,-600.0,-108.0,324.0,-4.0
113.82764053344727,340.0081253051758,-600.0,-108.0,319.0,-5.0
92.52589416503906,336.1738109588623,-600.0,-108.0,314.0,-5.0
67.59236526489258,331.68577575683594,-600.0,-108.0,310.0,-4.0
43.56721115112305,327.3612480163574,-600.0,-108.0,303.0,-7.0
23.864347457885742,323.8147325515747,-600.0,-108.0,302.0,-1.0
18.0,320.1578559875488,600.0,-276.0,302.0,0.0
39.29874229431152,310.3604345321655,600.0,-276.0,302.0,0.0
59.2837028503418,301.1673526763916,600.0,-276.0,302.0,0.0
81.10315132141113,291.1304063796997,600.0,-276.0,302.0,0.0
97.74543571472168,283.47495555877686,600.0,-276.0,302.0,0.0
118.01463890075684,274.1511220932007,600.0,-276.0,302.0,0.0
138.01190185546875,264.9523811340332,600.0,-276.0,302.0,0.0
157.9200439453125,255.79463577270508,600.0,-276.0,302.0,0.0
179.21034622192383,246.00109672546387,600.0,-276.0,302.0,0.0
209.16768836975098,232.22071933746338,600.0,-276.0,302.0,0.0
227.96575355529785,223.57360935211182,600.0,-276.0,302.0,0.0
247.67591285705566,214.50693607330322,600.0,-276.0,302.0,0.0
267.65343475341797,205.31727600097656,600.0,-276.0,302.0,0.0
287.9388027191162,195.98600673675537,600.0,-276.0,302.0,0.0
308.9934997558594,186.30084609985352,600.0,-276.0,302.0,0.0
329.0790252685547,177.06150436401367,600.0,-276.0,302.0,0.0
347.7078609466553,168.4922399520874,600.0,-276.0,302.0,0.0
367.7039794921875,159.29402542114258,600.0,-276.0,302.0,0.0
387.67921257019043,150.10541820526123,600.0,-276.0,302.0,0.0
409.202974319458,140.20448780059814,600.0,-276.0,302.0,0.0
428.4389190673828,131.35595321655273,600.0,-276.0,302.0,0.0
448.5696487426758,122.09581756591797,600.0,-276.0,302.0,0.0
478.2732181549072,108.4321756362915,600.0,-276.0,302.0,0.0
491.3196258544922,102.43082809448242,600.0,-276.0,302.0,0.0
509.989803314209,93.8425464630127,600.0,-276.0,302.0,0.0
529.7268562316895,84.76350212097168,600.0,-276.0,302.0,0.0
540.2285270690918,79.9327335357666,600.0,-276.0,302.0,0.0
560.2217845916748,70.73583507537842,600.0,-276.0,302.0,0.0
580.8749370574951,61.235384941101074,600.0,-276.0,302.0,0.0
599.3268184661865,52.74751949310303,600.0,-276.0,302.0,0.0
620.149772644043,43.16896057128906,600.0,-276.0,302.0,0.0
637.6414947509766,35.12276840209961,600.0,-276.0,302.0,0.0
652.1657638549805,28.441604614257812,600.0,-276.0,302.0,0.0
662.9363708496094,23.487125396728516,600.0,-276.0,302.0,0.0
688.510196685791,11.723165512084961,600.0,-276.0,302.0,0.0
717.8959064483643,8.0,600.0,276.0,302.0,0.0
747.5976161956787,21.66278648376465,600.0,276.0,302.0,0.0
760.8683280944824,27.767313957214355,600.0,276.0,302.0,0.0
771.6666870117188,32.734559059143066,600.0,276.0,302.0,0.0
789.8496322631836,41.098713874816895,600.0,276.0,302.0,0.0
804.6150856018066,47.890822410583496,600.0,276.0,302.0,0.0
838.546817779541,63.49941921234131,600.0,276.0,302.0,0.0
868.3596782684326,77.21333503723145,600.0,276.0,302.0,0.0
890.0603942871094,87.19566440582275,600.0,276.0,302.0,0.0
909.553258895874,96.16238212585449,600.0,276.0,302.0,0.0
929.6352081298828,105.40007877349854,600.0,276.0,302.0,0.0
948.8052062988281,114.21827793121338,600.0,276.0,302.0,0.0
972.2628765106201,125.0088062286377,600.0,276.0,302.0,0.0
1007.7744655609131,141.34413719177246,600.0,276.0,302.0,0.0
1030.346363067627,151.72721004486084,600.0,276.0,302.0,0.0
1058.2615070343018,164.56817626953125,600.0,276.0,302.0,0.0
1078.9110832214355,174.0669813156128,600.0,276.0,302.0,0.0
1108.651273727417,187.74746894836426,600.0,276.0,302.0,0.0
1137.7794914245605,201.1464490890503,600.0,276.0,302.0,0.0
1157.8698806762695,210.38802814483643,600.0,276.0,302.0,0.0
1177.9788665771484,219.63816165924072,600.0,276.0,302.0,0.0
1182.0,228.7177324295044,-600.0,-18.0,302.0,0.0
1160.6221504211426,228.07639694213867,-600.0,-18.0,302.0,0.0
1140.504581451416,227.47286987304688,-600.0,-18.0,302.0,0.0
1111.9907684326172,226.6174554824829,-600.0,-18.0,302.0,0.0
1096.762830734253,226.16061735153198,-600.0,-18.0,302.0,0.0
1086.2112350463867,225.844069480896,-600.0,-18.0,302.0,0.0
1061.4432163238525,225.10102891921997,-600.0,-18.0,302.0,0.0
1040.4125518798828,224.47010898590088,-600.0,-18.0,302.0,0.0
1020.9930725097656,223.88752460479736,-600.0,-18.0,302.0,0.0
1000.8234329223633,223.2824354171753,-600.0,-18.0,302.0,0.0
971.9135112762451,222.41513776779175,-600.0,-18.0,302.0,0.0
951.4547653198242,221.80137538909912,-600.0,-18.0,302.0,0.0
930.4338283538818,221.17074728012085,-600.0,-18.0,302.0,0.0
910.1839370727539,220.563250541687,-600.0,-18.0,302.0,0.0
899.7397727966309,220.24992561340332,-600.0,-18.0,302.0,0.0
880.7387180328369,219.6798939704895,-600.0,-18.0,302.0,0.0
860.6154270172119,219.07619524002075,-600.0,-18.0,302.0,0.0
831.7693061828613,218.21081161499023,-600.0,-18.0,302.0,0.0
812.0076484680176,217.61796188354492,-600.0,-18.0,302.0,0.0
788.6076278686523,216.91596126556396,-600.0,-18.0,302.0,0.0
760.815507888794,216.0821976661682,-600.0,-18.0,302.0,0.0
741.1764450073242,215.49302577972412,-600.0,-18.0,295.0,-7.0
713.7071914672852,214.66894817352295,-600.0,-18.0,280.0,-15.0
692.088586807251,214.02039003372192,-600.0,-18.0,266.0,-14.0
671.6957874298096,213.40860605239868,-600.0,-18.0,259.0,-7.0
651.9924945831299,212.8175072669983,-600.0,-18.0,255.0,-4.0
632.0112533569336,212.2180700302124,-600.0,-18.0,251.0,-4.0
611.7630786895752,211.61062479019165,-600.0,-18.0,246.0,-5.0
590.3478927612305,210.9681692123413,-600.0,-18.0,242.0,-4.0
551.0375804901123,209.78885984420776,-600.0,-18.0,233.0,-9.0
533.9652843475342,209.27669095993042,-600.0,-18.0,229.0,-4.0
511.77004051208496,208.61083364486694,-600.0,-18.0,222.0,-7.0
490.10651779174805,207.96092796325684,-600.0,-18.0,213.0,-9.0
478.61293029785156,207.61612033843994,-600.0,-18.0,211.0,-2.0
450.3750629425049,206.76898431777954,-600.0,-18.0,203.0,-8.0
421.74609375,205.9101152420044,-600.0,-18.0,198.0,-5.0
397.8588409423828,205.19349765777588,-600.0,-18.0,194.0,-4.0
381.78604316711426,204.71131372451782,-600.0,-18.0,192.0,-2.0
358.61890983581543,204.01629972457886,-600.0,-18.0,191.0,-1.0
331.86133575439453,203.21357250213623,-600.0,-18.0,190.0,-1.0
300.8130855560303,202.2821249961853,-600.0,-18.0,188.0,-2.0
271.1550064086914,201.39238262176514,-600.0,-18.0,187.0,-1.0
251.6868896484375,200.80833911895752,-600.0,-18.0,186.0,-1.0
232.0481128692627,200.21917581558228,-600.0,-18.0,184.0,-2.0
211.9302577972412,199.61564016342163,-600.0,-18.0,182.0,-2.0
191.67907905578613,199.00810480117798,-600.0,-18.0,180.0,-2.0
170.77930641174316,198.3811116218567,-600.0,-18.0,180.0,0.0
151.10462379455566,197.79087114334106,-600.0,-18.0,180.0,0.0
128.48995399475098,197.11243104934692,-600.0,-18.0,180.0,0.0
111.88443374633789,196.61426544189453,-600.0,-18.0,180.0,0.0
88.3927173614502,195.9095139503479,-600.0,-18.0,180.0,0.0
61.32486534118652,195.09747838974,-600.0,-18.0,180.0,0.0
41.07125473022461,194.48987007141113,-600.0,-18.0,180.0,0.0
21.204025268554688,193.89385318756104,-600.0,-18.0,180.0,0.0
600.0,400.0,600.0,228.0,180.0,0.0
619.1140651702881,407.2633447647095,600.0,228.0,180.0,0.0
639.1026020050049,414.85898876190186,600.0,228.0,180.0,0.0
659.3915462493896,422.56878757476807,600.0,228.0,180.0,0.0
679.0386199951172,430.03467559814453,600.0,228.0,180.0,0.0
699.8705863952637,437.9508228302002,600.0,228.0,180.0,0.0
719.2073822021484,445.2988052368164,600.0,228.0,180.0,0.0
738.8392925262451,452.75893115997314,600.0,228.0,180.0,0.0
759.1841697692871,460.4899845123291,600.0,228.0,180.0,0.0
779.0375232696533,468.03425884246826,600.0,228.0,180.0,0.0
798.9400863647461,475.5972328186035,600.0,228.0,180.0,0.0
819.2554950714111,483.31708812713623,600.0,228.0,180.0,0.0
840.2285099029541,491.28683376312256,600.0,228.0,180.0,0.0
860.2456569671631,498.893349647522,600.0,228.0,180.0,0.0
878.8925170898438,505.9791564941406,600.0,228.0,180.0,0.0
899.1587162017822,513.6803121566772,600.0,228.0,180.0,0.0
919.0092086791992,521.2234992980957,600.0,228.0,180.0,0.0
940.1663303375244,529.2632055282593,600.0,228.0,180.0,0.0
960.3803157806396,536.9445199966431,600.0,228.0,180.0,0.0
989.2979621887207,547.9332256317139,600.0,228.0,180.0,0.0
1014.7685050964355,557.6120319366455,600.0,228.0,180.0,0.0
1039.3751621246338,566.9625616073608,600.0,228.0,180.0,0.0
1059.9798202514648,574.7923316955566,600.0,228.0,180.0,0.0
1071.4985847473145,579.1694622039795,600.0,228.0,180.0,0.0
1100.2229690551758,590.0847282409668,600.0,228.0,180.0,0.0
1139.1916751861572,604.8928365707397,600.0,228.0,180.0,0.0
1158.8308811187744,612.3557348251343,600.0,228.0,180.0,0.0
1182.0,623.910322189331,-600.0,23.99999999999997,180.0,0.0
1161.2753219604492,624.7393093109131,-600.0,23.99999999999997,180.0,0.0
1140.7763786315918,625.5592670440674,-600.0,23.99999999999997,180.0,0.0
1111.0170192718506,626.749641418457,-600.0,23.99999999999997,180.0,0.0
1085.6652088165283,627.7637138366699,-600.0,23.99999999999997,180.0,0.0
1072.351152420044,628.2962760925293,-600.0,23.99999999999997,180.0,0.0
1052.2031135559082,629.1021976470947,-600.0,23.99999999999997,180.0,0.0
1032.3234386444092,629.8973846435547,-600.0,23.99999999999997,180.0,0.0
1012.3283214569092,630.6971893310547,-600.0,23.99999999999997,180.0,0.0
991.7884654998779,631.5187835693359,-600.0,23.99999999999997,180.0,0.0
950.8234806060791,633.1573829650879,-600.0,23.99999999999997,180.0,0.0
938.9314956665039,633.6330623626709,-600.0,23.99999999999997,180.0,0.0
912.0750732421875,634.7073192596436,-600.0,23.99999999999997,180.0,0.0
892.0444793701172,635.5085430145264,-600.0,23.99999999999997,180.0,0.0
862.1699638366699,636.7035236358643,-600.0,23.99999999999997,180.0,0.0
821.1366004943848,638.3448581695557,-600.0,23.99999999999997,180.0,0.0
805.1795310974121,638.9831409454346,-600.0,23.99999999999997,180.0,0.0
791.785795211792,639.5188903808594,-600.0,23.99999999999997,180.0,0.0
762.1325798034668,640.7050189971924,-600.0,23.99999999999997,180.0,0.0
742.5827808380127,641.4870109558105,-600.0,23.99999999999997,180.0,0.0
728.394681930542,642.0545349121094,-600.0,23.99999999999997,201.0,21.0
700.5755252838135,643.1673011779785,-600.0,23.99999999999997,254.0,53.0
661.4105529785156,644.7339000701904,-600.0,23.99999999999997,313.0,59.0
635.9370059967041,645.7528419494629,-600.0,23.99999999999997,313.0,0.0
622.5412673950195,646.2886714935303,-600.0,23.99999999999997,313.0,0.0
602.3111171722412,647.0978775024414,-600.0,23.99999999999997,313.0,0.0
580.9528656005859,647.9522075653076,-600.0,23.99999999999997,313.0,0.0
561.684591293335,648.7229385375977,-600.0,23.99999999999997,313.0,0.0
536.9795150756836,649.7111415863037,-600.0,23.99999999999997,313.0,0.0
522.0371074676514,650.308837890625,-600.0,23.99999999999997,313.0,0.0
502.23725509643555,651.1008319854736,-600.0,23.99999999999997,313.0,0.0
482.36401748657227,651.8957614898682,-600.0,23.99999999999997,313.0,0.0
462.47332763671875,652.6913890838623,-600.0,23.99999999999997,313.0,0.0
441.2933177947998,653.5385894775391,-600.0,23.99999999999997,313.0,0.0
418.0018730163574,654.4702472686768,-600.0,23.99999999999997,313.0,0.0
392.18028259277344,655.5031108856201,-600.0,23.99999999999997,313.0,0.0
372.2249336242676,656.3013248443604,-600.0,23.99999999999997,313.0,0.0
352.3120708465576,657.0978393554688,-600.0,23.99999999999997,313.0,0.0
332.43296813964844,657.8930034637451,-600.0,23.99999999999997,313.0,0.0
310.0703544616699,658.7875080108643,-600.0,23.99999999999997,313.0,0.0
290.0334663391113,659.5889835357666,-600.0,23.99999999999997,313.0,0.0
251.64240074157715,661.124626159668,-600.0,23.99999999999997,690.0,377.0
232.42319297790527,661.8933944702148,-600.0,23.99999999999997,682.0,-8.0
212.34710884094238,662.6964378356934,-600.0,23.99999999999997,679.0,-3.0
192.13970375061035,663.5047340393066,-600.0,23.99999999999997,679.0,0.0
